New_Name,Original_Name
image_1.jpg,frame1000_jpg.rf.be32de15c592957e7968d527ab195816.jpg
image_2.jpg,frame10400_jpg.rf.1cb25482c7011446a81ff312e3a9b409.jpg
image_3.jpg,frame11200_jpg.rf.a3b4435ddb420d82b248725be6121e54.jpg
image_4.jpg,frame13000_jpg.rf.5fd4ab862d4adaed58a496106216d613.jpg
image_5.jpg,frame1600_jpg.rf.fbdd8b157d3f5a4e67be0d828ea5f9d0.jpg
image_6.jpg,frame16200_jpg.rf.4a61db1cb79cc0dadc6f18f495fae353.jpg
image_7.jpg,frame17400_jpg.rf.a0af34ec47330ab174fc28917fa9ab39.jpg
image_8.jpg,frame19200_jpg.rf.108e49fe6862b33557f8cfbcf460db2e.jpg
image_9.jpg,frame19800_jpg.rf.d4ab2323002d972c4d74405b0fd0e0b2.jpg
image_10.jpg,frame23600_jpg.rf.ed41c3ebe0034e62c1b8bb996c2f2780.jpg
image_11.jpg,frame26600_jpg.rf.4941cfb72e23b8d66a4cfdc82cdb092d.jpg
image_12.jpg,frame27400_jpg.rf.ed25ecb749870549c63f5b43251b234f.jpg
image_13.jpg,frame31000_jpg.rf.bb144c35792d381f27e477764aa40381.jpg
image_14.jpg,frame31200_jpg.rf.ff92c688d338560a06be119bcab9456b.jpg
image_15.jpg,frame31600_jpg.rf.bab211a6a66802df54aac253eacb4022.jpg
image_16.jpg,frame33000_jpg.rf.5e2bb4fc08919898bafb3bb2f484fa90.jpg
image_17.jpg,frame3400_jpg.rf.f91122db36ef7d89bd09a0aa08f9108f.jpg
image_18.jpg,frame35600_jpg.rf.02363165f40ca9e50be7b8e57e550c89.jpg
image_19.jpg,frame35600_jpg.rf.b482deefd470a231e67b408357935aad.jpg
image_20.jpg,frame36400_jpg.rf.0a288f28c9113b3185505d6989088e86.jpg
image_21.jpg,frame37000_jpg.rf.b4b40a769afff739eab342309f5223e4.jpg
image_22.jpg,frame4000_jpg.rf.42b240e3a5710f3bcacc1b41e1ac2a91.jpg
image_23.jpg,frame41600_jpg.rf.508807dcfe3c555298d270ffa53b1fc0.jpg
image_24.jpg,frame41800_jpg.rf.2690cba9ed9eb2cbf55625dacda9be34.jpg
image_25.jpg,frame42200_jpg.rf.59b7a0e0dea71b99d628fba059dcf1d6.jpg
image_26.jpg,frame44600_jpg.rf.aec1bb17dde59e21390e274e880fb256.jpg
image_27.jpg,frame45200_jpg.rf.915eed3b74ac1ce21a8bdd6ce8161baa.jpg
image_28.jpg,frame47400_jpg.rf.a84ae7884e8e4e2b13e2ddbeb7067737.jpg
image_29.jpg,frame50000_jpg.rf.c655bd53dd265d744edce2958c784a8c.jpg
image_30.jpg,frame54400_jpg.rf.8114b05842089b564349d87429b4b60c.jpg
image_31.jpg,frame55800_jpg.rf.85324a5f9c705345af9ff4461a5bb762.jpg
image_32.jpg,frame57400_jpg.rf.99554cb80858095d76efee364da6c21d.jpg
image_33.jpg,frame59400_jpg.rf.97b3d4490f7bc2d57e413c56ff1d689f.jpg
image_34.jpg,frame59600_jpg.rf.9efe6d091347790d0065caaa2a77ca44.jpg
image_35.jpg,frame600_jpg.rf.242597d4020fc2dd55d306b2d80fe52e.jpg
image_36.jpg,frame63600_jpg.rf.6456a177722ad2bef164c02ca2f6a2d2.jpg
image_37.jpg,frame64800_jpg.rf.5fff33a5b6755e9afdd143f68641f931.jpg
image_38.jpg,frame65800_jpg.rf.2399a19054e5e2712b64c3e0dbd2f860.jpg
image_39.jpg,frame69400_jpg.rf.2876c2275001739699ef9770fae27859.jpg
image_40.jpg,frame70600_jpg.rf.18118e157dae697a5fd0e6f0b18609ec.jpg
image_41.jpg,frame7200_jpg.rf.32d9809c48b73d53b7ce0d11cf19364e.jpg
image_42.jpg,frame7600_jpg.rf.4ef7ba7e9157471417bcebf785f90a74.jpg
image_43.jpg,frame7600_jpg.rf.71c04c4b0bb9387982b9de3e0df8649b.jpg
image_44.jpg,frame8000_jpg.rf.7be9479e1a3011b67c5587f21daf7cd5.jpg
image_45.jpg,frame8600_jpg.rf.2df1735e9b0b3ec8a28da6251fcf2ce3.jpg
image_46.jpg,frame9200_jpg.rf.0019b428376f1c97300ba341a00881f5.jpg
image_47.jpg,screenshot_2025-05-29_08-43-56_png.rf.fc3594b59934e61d066e6ea3936e7e3b.jpg
image_48.jpg,screenshot_2025-05-29_08-44-23_png.rf.46d2506bdc2a103cad57c6f31fff5d05.jpg
image_49.jpg,screenshot_2025-05-29_08-45-29_png.rf.7b8a279ca42eb2240de82102df7e1e02.jpg
image_50.jpg,screenshot_2025-05-29_08-45-36_png.rf.f70dd608ec075db0255c2977a4660205.jpg
image_51.jpg,screenshot_2025-05-29_08-46-29_png.rf.ad4355205a43c95e1ea6b544f1a8c88c.jpg
image_52.jpg,screenshot_2025-05-29_08-47-02_png.rf.e5dd02b9bbb6250f4e57e8eb9feb1306.jpg
image_53.jpg,screenshot_2025-05-29_08-47-48_png.rf.6922e99c9fb884442c68c614931cfd3d.jpg
image_54.jpg,screenshot_2025-05-29_08-48-21_png.rf.824d36290deca99a4aad40e96b93d556.jpg
image_55.jpg,screenshot_2025-05-29_08-48-28_png.rf.e01ea48f80e7ce7d3024bfdd394c39a4.jpg
image_56.jpg,screenshot_2025-05-29_08-50-52_png.rf.e6724ac36d78062ae13104a982a4df33.jpg
image_57.jpg,screenshot_2025-05-29_08-51-29_png.rf.bdb5582a650736d2f7d9039778665a0d.jpg
image_58.jpg,screenshot_2025-05-29_08-52-06_png.rf.868bc94c12a6888b79f1e0fda6dd1333.jpg
image_59.jpg,screenshot_2025-05-29_08-53-26_png.rf.bf2e8fa23fdec30b3528a04c7e859de8.jpg
image_60.jpg,screenshot_2025-05-29_08-53-43_png.rf.c3526bbdc13a24372623cb4abe4d9753.jpg
image_61.jpg,screenshot_2025-05-29_08-53-47_png.rf.42202c5ae74eaf308f04b17e679b6258.jpg
image_62.jpg,screenshot_2025-05-29_08-54-00_png.rf.58e99b76ad03d3d0dab552a7e0500741.jpg
image_63.jpg,screenshot_2025-05-29_08-55-58_png.rf.ddb7f3e36854b0db66bf068a28c18eb5.jpg
image_64.jpg,screenshot_2025-05-29_08-56-45_png.rf.dfe362784dd96e9856eeee2af565ac0a.jpg
image_65.jpg,screenshot_2025-05-29_08-56-59_png.rf.b6f23b0671de835f2831cd2ba8f41368.jpg
image_66.jpg,screenshot_2025-05-29_08-58-23_png.rf.5dd6e9cdca421fd7c929eccfdf485ffe.jpg
image_67.jpg,screenshot_2025-05-29_08-58-49_png.rf.62cf544a35b6ac0b6433d620d1f777a8.jpg
image_68.jpg,screenshot_2025-05-29_08-59-06_png.rf.7e967fa11caac3b89e3ea7b70e45e7fc.jpg
image_69.jpg,screenshot_2025-05-29_09-00-21_png.rf.25d791395d63ad3379352fe0f1b08968.jpg
image_70.jpg,screenshot_2025-05-29_09-00-54_png.rf.195928453d7d1fdd9dd7add543b6b2a4.jpg
image_71.jpg,screenshot_2025-05-29_09-01-00_png.rf.7aff16f7e66b83ff94f4a4a7677f236d.jpg
image_72.jpg,screenshot_2025-05-29_09-01-30_png.rf.e5096474e307b580d7c049564d5b1c0c.jpg
image_73.jpg,screenshot_2025-05-29_09-02-12_png.rf.44527122ebf1ed00e91fbfafcad2f41b.jpg
image_74.jpg,screenshot_2025-05-29_09-02-28_png.rf.ade013adb833891b61a04ba2ab25c939.jpg
image_75.jpg,screenshot_2025-05-29_09-02-38_png.rf.e01adfc36ded6d57524e6545ffd660a2.jpg
image_76.jpg,screenshot_2025-05-29_09-03-11_png.rf.d98eff0cca680eb9013b10b3625ea36f.jpg
image_77.jpg,screenshot_2025-05-29_09-03-24_png.rf.74e29716b8a4bfe56acdae032873511c.jpg
image_78.jpg,screenshot_2025-05-29_09-03-50_png.rf.ff3e4eaa629d7fb34e19edc7ca055d0a.jpg
image_79.jpg,screenshot_2025-05-29_09-04-35_png.rf.eff9aa5881348b9bdf118bd3f51c8580.jpg
image_80.jpg,screenshot_2025-05-29_09-05-05_png.rf.af870b095daea3d86e4b55598f185f79.jpg
image_81.jpg,screenshot_2025-05-29_09-05-57_png.rf.96f866f161d8a5b7bdc9b628ad2e0946.jpg
image_82.jpg,screenshot_2025-05-29_09-06-10_png.rf.9c0338a2ead8faad55fd4455d9facc06.jpg
image_83.jpg,screenshot_2025-05-29_09-06-34_png.rf.e22838c9ff21d20d5b38b1cb5556a500.jpg
image_84.jpg,screenshot_2025-05-29_09-06-37_png.rf.f05501fbdae3c60ac2d1417ae861c60c.jpg
image_85.jpg,screenshot_2025-05-29_09-06-44_png.rf.cf7f369dd7228523dc4cf4bc34ad0e3a.jpg
image_86.jpg,screenshot_2025-05-29_09-07-11_png.rf.5934dc2911753e89c67deeac89bd05e2.jpg
image_87.jpg,screenshot_2025-05-29_09-07-14_png.rf.4b827daba92d3e65a6245bad487768dc.jpg
image_88.jpg,screenshot_2025-05-29_09-07-34_png.rf.fd4c69dcb39350d74350e6893a3b72b6.jpg
image_89.jpg,screenshot_2025-05-29_09-08-00_png.rf.da14b782fbde44661a69b6b96fb90796.jpg
image_90.jpg,screenshot_2025-05-29_09-08-16_png.rf.338cd40a99f0fe55dc3e6f7f5f2f8a99.jpg
image_91.jpg,screenshot_2025-05-29_09-08-26_png.rf.231f3d5d0ccb6010afa7c7479e54aac1.jpg
image_92.jpg,screenshot_2025-05-29_09-08-29_png.rf.2ca9eac4d9f8bd49f932f134f0ceaf04.jpg
image_93.jpg,screenshot_2025-05-29_09-08-52_png.rf.2c675d831f1cebffdea2db2b28fbcff3.jpg
image_94.jpg,screenshot_2025-05-29_09-09-05_png.rf.2e03e8cf9e94a2df660da2b7bfead7bb.jpg
image_95.jpg,screenshot_2025-05-29_09-09-52_png.rf.45c97138d0e545a0d6db1fea72299e8a.jpg
image_96.jpg,screenshot_2025-05-29_09-12-06_png.rf.9e3f2335927d29dbc5c0fb840c85e70f.jpg
image_97.jpg,screenshot_2025-05-29_09-12-39_png.rf.4246550d6d47d3b364d68a4467abd1f7.jpg
image_98.jpg,screenshot_2025-05-29_09-13-15_png.rf.b8e4f40776e4320904918548efd20739.jpg
image_99.jpg,screenshot_2025-05-29_09-14-12_png.rf.c4176e77a7e69910b33593ce8987f4da.jpg
image_100.jpg,screenshot_2025-05-29_09-14-39_png.rf.b02d551985715fda7a5c39cbd6606e5b.jpg
image_101.jpg,screenshot_2025-05-29_09-14-46_png.rf.50e3de2ce347f0142cbf9a7d593267d7.jpg
image_102.jpg,screenshot_2025-05-29_09-15-09_png.rf.cb1221b523e302989d0040ec877f1477.jpg
image_103.jpg,screenshot_2025-05-29_09-15-19_png.rf.d53855f1c4e86d6cc537c353b3e09d32.jpg
image_104.jpg,screenshot_2025-05-29_09-17-04_png.rf.765afecb11ef0fd0738b9c8bb4ba79e5.jpg
image_105.jpg,screenshot_2025-05-29_09-17-07_png.rf.d088cf611a345e56d7281cb24921982b.jpg
image_106.jpg,screenshot_2025-05-29_09-18-38_png.rf.e9e38a8cc99a08dfe484cb7651c39e6e.jpg
image_107.jpg,screenshot_2025-05-29_09-19-58_png.rf.8a3d83be2a75552070c06cdfe3444900.jpg
image_108.jpg,screenshot_2025-05-29_09-20-49_png.rf.fafb8a0b39102e8b1a8eef004e2b686b.jpg
image_109.jpg,screenshot_2025-05-29_09-22-48_png.rf.8db0f112e5961d9521b8b4dea0391902.jpg
image_110.jpg,screenshot_2025-05-29_09-23-44_png.rf.3fcfb0764ac2a706d796c0822d9dc854.jpg
image_111.jpg,screenshot_2025-05-29_09-23-52_png.rf.7a0b2533cb938933b79086736458db71.jpg
image_112.jpg,screenshot_2025-05-29_09-23-55_png.rf.96b7c67238333e6f7b31f0ada7fe7b73.jpg
image_113.jpg,screenshot_2025-05-29_09-25-10_png.rf.93e6cce67859969c94413586559927a8.jpg
image_114.jpg,screenshot_2025-05-29_09-30-41_png.rf.c3253001f607b011ece058b5bf6d6cca.jpg
image_115.jpg,screenshot_2025-05-29_09-30-58_png.rf.0f328a0533cb3b41201ddabb3a09daaa.jpg
image_116.jpg,screenshot_2025-05-29_09-32-29_png.rf.4b4527c536afa875719dbb1426606cc2.jpg
image_117.jpg,screenshot_2025-05-29_09-33-04_png.rf.33052299a2785d1d44b88458648d1805.jpg
image_118.jpg,screenshot_2025-05-29_09-33-22_png.rf.5081a1b6529af4aca346416ecc334d96.jpg
image_119.jpg,screenshot_2025-05-29_09-36-21_png.rf.5528d2e35e01df251c496215f4b657f4.jpg
image_120.jpg,screenshot_2025-05-29_09-39-09_png.rf.e57b2bf613ad69c3c92e31cab40a3d11.jpg
image_121.jpg,screenshot_2025-05-29_09-39-58_png.rf.d12cdeb0a75125970e84897e0385f691.jpg
image_122.jpg,screenshot_2025-05-29_09-40-29_png.rf.3e11207ac853bf6f26f2bb6d10ba9ba2.jpg
image_123.jpg,screenshot_2025-05-29_09-42-12_png.rf.ee840acdd159df29358daedccb23eec8.jpg
image_124.jpg,screenshot_2025-05-29_09-43-24_png.rf.8d92e436cd3e5281f00c88e73052b493.jpg
image_125.jpg,screenshot_2025-05-29_09-43-38_png.rf.705091384f2bbef105e9f4b198b38115.jpg
image_126.jpg,screenshot_2025-05-29_09-44-25_png.rf.222c83342590e26e3cd74cde1717ab8c.jpg
image_127.jpg,screenshot_2025-05-29_09-44-46_png.rf.9f765642e56e826db521c6f0ac73c5d3.jpg
image_128.jpg,screenshot_2025-05-29_09-45-33_png.rf.464548446d54af3d031b3b180e581d77.jpg
image_129.jpg,screenshot_2025-05-29_09-46-12_png.rf.78f7a85a4149fda0641274c859d9ca7a.jpg
image_130.jpg,screenshot_2025-05-29_09-46-36_png.rf.551842dde304dc02741a9e1037158aa5.jpg
image_131.jpg,screenshot_2025-05-29_09-47-05_png.rf.f02d0688a7ee17dab4cfa25d0b3d21e5.jpg
image_132.jpg,screenshot_2025-05-29_09-48-23_png.rf.12dd007dc10e33770a99deac4ae900f1.jpg
image_133.jpg,screenshot_2025-05-29_09-48-26_png.rf.314df460224fe0c4e499aa1f37ce85fd.jpg
image_134.jpg,screenshot_2025-05-29_09-48-29_png.rf.11b5cd7018623205348af44cc2e98c51.jpg
image_135.jpg,screenshot_2025-05-29_09-52-27_png.rf.33a966e5f3b6fff423590e212c20441d.jpg
image_136.jpg,screenshot_2025-05-29_09-52-44_png.rf.48eecd7f24e7f7ff57e3042e3bf15f52.jpg
image_137.jpg,screenshot_2025-05-29_09-53-13_png.rf.5572060dd2463ba632ae1531a70ee232.jpg
image_138.jpg,screenshot_2025-05-29_09-54-50_png.rf.d74d5d70270c0ededc29867f84da2025.jpg
image_139.jpg,screenshot_2025-05-29_09-55-32_png.rf.e63b4601292626d716541b448cd9b84d.jpg
image_140.jpg,screenshot_2025-05-29_09-55-47_png.rf.daed4ee4dc6acc741c6de5a5dd6cdade.jpg
image_141.jpg,screenshot_2025-05-29_09-56-04_png.rf.7a0a3005e41c0fb9740d323622fd1607.jpg
image_142.jpg,screenshot_2025-05-29_09-58-54_png.rf.101b10d383cbbe8c0189b2dda6231ef1.jpg
image_143.jpg,screenshot_2025-05-29_09-59-21_png.rf.33bcb59de5be19284984ad2ccc4d0255.jpg
image_144.jpg,screenshot_2025-05-29_10-00-00_png.rf.b4a04dd91ed5474ee37fe99b73059edc.jpg
image_145.jpg,screenshot_2025-05-29_10-01-07_png.rf.946a62a9fb3c4915f967d8edb1123886.jpg
image_146.jpg,screenshot_2025-05-29_10-01-17_png.rf.adcde706fe74f99f6be92bb194b20679.jpg
image_147.jpg,screenshot_2025-05-29_10-02-32_png.rf.27a0462c6fabf848995778d03ae20f2f.jpg
image_148.jpg,screenshot_2025-05-29_10-02-46_png.rf.eef87539a7c78e3b8f7007070572dfa7.jpg
image_149.jpg,screenshot_2025-05-29_10-03-18_png.rf.76f8e9fd214ea208f8564aaf08f9cec9.jpg
image_150.jpg,screenshot_2025-05-29_10-03-21_png.rf.7d7c961c66c6b38404e6edff66bdcf11.jpg
image_151.jpg,screenshot_2025-05-29_10-04-00_png.rf.e2ffcca8b5ba972bfda2000958fe178f.jpg
image_152.jpg,screenshot_2025-05-29_10-04-55_png.rf.f9398860a8bc6f5082fd5b07216b28f2.jpg
image_153.jpg,screenshot_2025-05-29_10-06-39_png.rf.66c4ae6a14900685110ad5d0db968faf.jpg
image_154.jpg,screenshot_2025-05-29_10-07-34_png.rf.30ea3213a4ce54111874c8078e59b383.jpg
image_155.jpg,screenshot_2025-05-29_10-07-40_png.rf.0619761db71ea17960a240dd69b80de5.jpg
image_156.jpg,screenshot_2025-05-29_10-08-11_png.rf.2a352f3f14f08149a101cf69af486ae0.jpg
image_157.jpg,screenshot_2025-05-29_10-08-40_png.rf.76857d58aaf97aa4fcb9c9aea581ed42.jpg
image_158.jpg,screenshot_2025-05-29_10-09-30_png.rf.7936f1f83cac2c279160846545f63079.jpg
image_159.jpg,screenshot_2025-05-29_10-09-43_png.rf.312a76165925e57ed4930e243860b9d6.jpg
image_160.jpg,screenshot_2025-05-29_10-10-23_png.rf.3cccdc9a064b084c82f10c73499269d5.jpg
image_161.jpg,screenshot_2025-05-29_10-11-19_png.rf.2b5366dc0fb5aec444e19864b6ea81b6.jpg
image_162.jpg,screenshot_2025-05-29_10-11-32_png.rf.fa291b645b19d909320c10ef7d3c2cce.jpg
image_163.jpg,screenshot_2025-05-29_10-13-57_png.rf.0628f09b9d8cff342370495545c0ea83.jpg
image_164.jpg,screenshot_2025-05-29_10-16-42_png.rf.c9a79a2f0c256edfffd0de7842513f6f.jpg
image_165.jpg,screenshot_2025-05-29_10-16-58_png.rf.b6dba698c648ff1ee3cc471589421d89.jpg
image_166.jpg,screenshot_2025-05-29_10-18-45_png.rf.52b9fc66e0421a1b0feb3a98f7f86d8e.jpg
image_167.jpg,screenshot_2025-05-29_10-18-51_png.rf.838154fdf0599a2c35a8814f6917cb8c.jpg
image_168.jpg,screenshot_2025-05-29_10-18-58_png.rf.1603e436c4aa15ee259bedcc7f195982.jpg
image_169.jpg,screenshot_2025-05-29_10-19-24_png.rf.6af6459f93668e176cc9ced9aa1e5c5e.jpg
image_170.jpg,screenshot_2025-05-29_10-19-31_png.rf.05bdd85d09200d9bf5b1cce1384c6ab1.jpg
image_171.jpg,screenshot_2025-05-29_10-19-38_png.rf.3d7ff53c552b06d911226d13a772804f.jpg
image_172.jpg,screenshot_2025-05-29_10-20-11_png.rf.a5139b68bc141e8740cced86e731c2ba.jpg
image_173.jpg,screenshot_2025-05-29_10-20-35_png.rf.efe3b9b84b13afdf3339a596b4b83cf8.jpg
image_174.jpg,screenshot_2025-05-29_10-20-55_png.rf.25738de88f7e9255e842ffd2fe39c21b.jpg
image_175.jpg,screenshot_2025-05-29_10-20-58_png.rf.b3de34a8712dcbe8c3f6910b57be24e7.jpg
image_176.jpg,screenshot_2025-05-29_10-21-31_png.rf.60fb11ababc418f5b7ece50ff88606ab.jpg
image_177.jpg,screenshot_2025-05-29_10-22-17_png.rf.358b5778b204b9b3fa02779b8da70b95.jpg
image_178.jpg,screenshot_2025-05-29_10-22-23_png.rf.3557776e962630567ad69683e4464f57.jpg
image_179.jpg,screenshot_2025-05-29_10-24-15_png.rf.74e7972e5328052ba11c162fada141f7.jpg
image_180.jpg,screenshot_2025-05-29_10-24-25_png.rf.f5c5d6653ae5090a793342a18682f948.jpg
image_181.jpg,screenshot_2025-05-29_10-25-04_png.rf.ec182ee488dcbb50e4f828a9c849c6f9.jpg
image_182.jpg,screenshot_2025-05-29_10-26-19_png.rf.27ce02bd75c91a280e93cdb8c3a2f807.jpg
image_183.jpg,screenshot_2025-05-29_10-27-57_png.rf.8748f8308fa13ebc39329753e5e676bb.jpg
image_184.jpg,screenshot_2025-05-29_10-28-07_png.rf.5ab5153472d9b1aea50172b1d71c5b3c.jpg
image_185.jpg,screenshot_2025-05-29_10-28-17_png.rf.5e642410c15a074ad544af2efb7cabaf.jpg
image_186.jpg,screenshot_2025-05-29_10-28-30_png.rf.e690cefb6f24aa4e1747c6f9c334dbd6.jpg
image_187.jpg,screenshot_2025-05-29_10-28-37_png.rf.649c053f994f3f1fd35ee287c7dfb029.jpg
image_188.jpg,screenshot_2025-05-29_10-29-30_png.rf.fb6dd2d9970e10b7bfc551b13f09cecc.jpg
image_189.jpg,screenshot_2025-05-29_10-29-50_png.rf.6a31ada01e287734f0efb6154b4bdeea.jpg
image_190.jpg,screenshot_2025-05-29_10-30-45_png.rf.7e512ce184ce0458721916404186756f.jpg
image_191.jpg,screenshot_2025-05-29_10-31-09_png.rf.8b24c1f7dc87991e2727e4eb8d3dd926.jpg
image_192.jpg,screenshot_2025-05-29_10-32-07_png.rf.760938656e518e4d210df6582b3a82ed.jpg
image_193.jpg,screenshot_2025-05-29_10-32-49_png.rf.ea249b3541ee8be354735f976c17f00d.jpg
image_194.jpg,screenshot_2025-05-29_10-33-48_png.rf.5448faea4db02d0d4ca5520e3aef1d95.jpg
image_195.jpg,screenshot_2025-05-29_10-35-17_png.rf.f336fa91658c613290d19e0eaad22b7c.jpg
image_196.jpg,screenshot_2025-05-29_10-35-20_png.rf.b25a4a3d13951a3be7f4ecdd2f7ebee4.jpg
image_197.jpg,screenshot_2025-05-29_10-35-37_png.rf.b3d5375faabf282eab4fc4209ccd1c80.jpg
image_198.jpg,screenshot_2025-05-29_10-36-59_png.rf.b2db0300cfe0cef8515dac4e458b370a.jpg
image_199.jpg,screenshot_2025-05-29_10-38-28_png.rf.d70c9e7fa8faaa32b6850665f0da3eb7.jpg
image_200.jpg,screenshot_2025-05-29_10-39-28_png.rf.bee75fe58d2fbac0e33763461dfa448b.jpg
image_201.jpg,screenshot_2025-05-29_10-42-03_png.rf.0376d77abcc1e3aa99fb753db28821c0.jpg
image_202.jpg,screenshot_2025-05-29_10-47-53_png.rf.68f506487e861ac1f431a782129e3b2d.jpg
image_203.jpg,screenshot_2025-05-29_10-48-15_png.rf.ddb09649c04c9d963e93da215afc78ad.jpg
image_204.jpg,screenshot_2025-05-29_10-48-52_png.rf.60f83d92fd64c76debcc747dde3e5ea1.jpg
image_205.jpg,screenshot_2025-05-29_10-49-54_png.rf.828ab51b2e59787e25528306c0e46622.jpg
image_206.jpg,screenshot_2025-05-29_10-52-39_png.rf.4e944b3f023e62d09481ef20b59bbdf2.jpg
image_207.jpg,screenshot_2025-05-29_10-53-06_png.rf.53eadd370cd9b4e87f2f2326043b74e5.jpg
image_208.jpg,screenshot_2025-05-29_10-53-21_png.rf.e2c97833fe7b84f20e2f4cf08062526e.jpg
image_209.jpg,screenshot_2025-05-29_10-54-45_png.rf.2dec2ab4677d05df4258e4f7f369de4f.jpg
image_210.jpg,screenshot_2025-05-29_10-55-31_png.rf.abc3c6b230a8e70664f75af82574b04e.jpg
image_211.jpg,screenshot_2025-05-29_10-55-57_png.rf.a9312c6682cbd6ee047da5f2721086af.jpg
image_212.jpg,screenshot_2025-05-29_10-56-05_png.rf.f1531de56983a9a6811d66d963042159.jpg
image_213.jpg,screenshot_2025-05-29_10-56-13_png.rf.1018e51eca77853f84a47a7c34f70b7c.jpg
image_214.jpg,screenshot_2025-05-29_10-57-02_png.rf.58d1e8b3f6a4924f5a7ac8d529e65e41.jpg
image_215.jpg,screenshot_2025-05-29_10-58-23_png.rf.40f9a8c4b85eee58519c845cbd638c1f.jpg
image_216.jpg,screenshot_2025-05-29_11-01-23_png.rf.62b080c87d1616bb2968d22ce51b1982.jpg
image_217.jpg,screenshot_2025-05-29_11-01-31_png.rf.a35b98bfb51979f89a5ffc26be45c56e.jpg
image_218.jpg,screenshot_2025-05-29_11-01-40_png.rf.4071be50a5ca8c3b667e7224765ef771.jpg
image_219.jpg,screenshot_2025-05-29_11-01-53_png.rf.1d7e9af1c40178ecc14f969eadc0e11f.jpg
image_220.jpg,screenshot_2025-05-29_11-04-30_png.rf.462106d55d2662a760b9e8c3c12125b6.jpg
image_221.jpg,screenshot_2025-05-29_11-05-59_png.rf.0453d370ab71941dc81b0c25b577418c.jpg
image_222.jpg,screenshot_2025-05-29_11-06-02_png.rf.6bb0cc5a3d9387356c24a8edf9a29c5d.jpg
image_223.jpg,screenshot_2025-05-29_11-09-38_png.rf.ccfb3a2b3ba956b3018b842fbc329493.jpg
image_224.jpg,screenshot_2025-05-29_11-10-49_png.rf.c92970b8aed20073cb72175b42b838bd.jpg
image_225.jpg,screenshot_2025-05-29_11-12-41_png.rf.520263ccbc591dda104f2ea204892015.jpg
image_226.jpg,screenshot_2025-05-29_11-12-56_png.rf.50c9429d5f47ce8e2ff761737a4fa28b.jpg
image_227.jpg,screenshot_2025-05-29_11-15-54_png.rf.9a319386e8e3c220c47ae19fe461ea75.jpg
image_228.jpg,screenshot_2025-05-29_11-17-24_png.rf.a298434160d9c2415bbe619f11f4b0d1.jpg
image_229.jpg,screenshot_2025-05-29_11-18-31_png.rf.8e3926f4b26b25bf2e7051f6499d57da.jpg
image_230.jpg,screenshot_2025-05-29_11-18-59_png.rf.91af174fea0484bcb0f1cac9670170a4.jpg
image_231.jpg,screenshot_2025-05-29_11-19-48_png.rf.d31a975ee25a14623cb2cfe0c6382993.jpg
image_232.jpg,screenshot_2025-05-29_11-21-18_png.rf.9e306db4dbc8bf79f8116353bed8eb99.jpg
image_233.jpg,screenshot_2025-05-29_11-21-42_png.rf.56f9cf64050c673701885183e17e153d.jpg
image_234.jpg,screenshot_2025-05-29_11-22-43_png.rf.34abaf373f9114ca66732218ecf56207.jpg
image_235.jpg,screenshot_2025-05-29_11-23-35_png.rf.bfcf92a4b3808512b2abbcadce0a1f2d.jpg
image_236.jpg,screenshot_2025-05-29_11-24-25_png.rf.b7a0950970c586132c4669167332bcfc.jpg
image_237.jpg,screenshot_2025-05-29_11-24-58_png.rf.dcfce1b265cfcafeced2c1c4d5709d7e.jpg
image_238.jpg,screenshot_2025-05-29_11-25-42_png.rf.6ecc6661b98384e52893de7bba6f5784.jpg
image_239.jpg,screenshot_2025-05-29_11-25-50_png.rf.68efb6cf763b663a892486936ccde1b9.jpg
image_240.jpg,screenshot_2025-05-29_11-27-24_png.rf.94225fce1be311085b75d20320f84f91.jpg
image_241.jpg,screenshot_2025-05-29_11-29-50_png.rf.3da63402e1eb3bbefe316701704e5f94.jpg
image_242.jpg,screenshot_2025-05-29_11-34-07_png.rf.f381e24afc7435e0b0b9d396577e3c6d.jpg
image_243.jpg,screenshot_2025-05-29_11-34-19_png.rf.7b438ffa8404d5f9882d276efddf25c5.jpg
image_244.jpg,screenshot_2025-05-29_11-35-21_png.rf.cf0ffbc363274dc0d9cda59a2f82cec4.jpg
image_245.jpg,screenshot_2025-05-29_11-35-48_png.rf.9e6ab56cda28f1fa265a0e38e5ee0c17.jpg
image_246.jpg,screenshot_2025-05-29_11-36-11_png.rf.b18101bdfc78930dbcee6f39409d656d.jpg
image_247.jpg,screenshot_2025-05-29_11-38-16_png.rf.84f930e94caf17d08c6d7523a940dbc0.jpg
image_248.jpg,screenshot_2025-05-29_11-39-32_png.rf.aba3063de98467c1cb52e4b02e779a76.jpg
image_249.jpg,screenshot_2025-05-29_11-41-48_png.rf.659656f33b3d5ffc88dd94e7dd107fd6.jpg
image_250.jpg,screenshot_2025-05-29_11-43-21_png.rf.911fbc66904d2130029338a992307dd3.jpg
image_251.jpg,screenshot_2025-05-29_11-44-13_png.rf.2c7ae76a20494ba36b3a22aceed7d3e6.jpg
image_252.jpg,screenshot_2025-05-29_11-45-31_png.rf.03f7c207e7c8f45c5142046079d2fcc4.jpg
image_253.jpg,screenshot_2025-05-29_11-46-50_png.rf.06f27b5f532dc61ce53b7b1402f17aee.jpg
image_254.jpg,screenshot_2025-05-29_11-48-02_png.rf.fd92c0f43958508e7e2e90f04b6d8fc9.jpg
image_255.jpg,screenshot_2025-05-29_11-48-33_png.rf.b9376b3202aaca496bd54b3cf38769a7.jpg
image_256.jpg,screenshot_2025-05-29_11-48-37_png.rf.ba39fafed2ba637f766287ec9f50fe0d.jpg
image_257.jpg,screenshot_2025-05-29_11-49-01_png.rf.748fc286dbb43559780fd3486b4d30bf.jpg
image_258.jpg,screenshot_2025-05-29_11-49-05_png.rf.7bf1f0d8e49a0a741ab88e216c9623a2.jpg
image_259.jpg,screenshot_2025-05-29_11-50-33_png.rf.21138c069b25093a803aa4bfbaeb0b08.jpg
image_260.jpg,screenshot_2025-05-29_11-51-23_png.rf.ef32c666212e6a27e0fef3829ea2f241.jpg
image_261.jpg,screenshot_2025-05-29_11-51-31_png.rf.b32bd3c25c4d4c7b80ab6400956cda7c.jpg
image_262.jpg,screenshot_2025-05-29_11-51-59_png.rf.95f037bbfa1bc9c7c2a0d2d51acf3d11.jpg
image_263.jpg,screenshot_2025-05-29_11-55-12_png.rf.eb1e71226a00cc07b00615f1d2667fa0.jpg
image_264.jpg,screenshot_2025-05-29_11-57-55_png.rf.cc7c48ea2b46079d8c740c7b84da9879.jpg
image_265.jpg,screenshot_2025-05-29_11-59-52_png.rf.8ecd3841490020e12dc41e485b5165c1.jpg
image_266.jpg,screenshot_2025-05-29_12-02-03_png.rf.fe4bf31dbf3bb60e3f4912be0ad0260e.jpg
image_267.jpg,screenshot_2025-05-29_12-05-39_png.rf.a5f1804bd216df1c180ec394b56f8506.jpg
image_268.jpg,screenshot_2025-05-29_12-05-43_png.rf.62fdd77cabf7996e31b270f93f25a09c.jpg
image_269.jpg,screenshot_2025-05-29_12-08-04_png.rf.9c5785dbb0eec6a5ce111ba030687477.jpg
image_270.jpg,screenshot_2025-05-29_12-08-26_png.rf.446aa04919783314d7fc6ff1613ef47e.jpg
image_271.jpg,screenshot_2025-05-29_12-09-12_png.rf.a974eaf6f9b562fbc40d3d6936f116ea.jpg
image_272.jpg,screenshot_2025-05-29_12-12-18_png.rf.efb596759cbc01c67f060a0572d618a9.jpg
image_273.jpg,screenshot_2025-05-29_12-12-29_png.rf.eb1833ea4250455caf624fc80aaafc16.jpg
image_274.jpg,screenshot_2025-05-29_12-13-37_png.rf.da6674cbb84109279e3f41384f9c5058.jpg
image_275.jpg,screenshot_2025-05-29_12-14-17_png.rf.11d8e38483310ee3bbb6faa05a1ce2d4.jpg
image_276.jpg,screenshot_2025-05-29_13-19-24_png.rf.7d81a083d2661d2394f06ed9b7babb9e.jpg
image_277.jpg,screenshot_2025-05-29_13-19-53_png.rf.4d3e01532530cf9297b8feceeaf01103.jpg
image_278.jpg,screenshot_2025-05-29_13-20-54_png.rf.4856f7e288083bcca8761def4118ea93.jpg
image_279.jpg,screenshot_2025-05-29_13-22-17_png.rf.b23520e7799ba8ce9b2dd15c7b36c6f6.jpg
image_280.jpg,screenshot_2025-05-29_13-22-49_png.rf.958239bd4ece3fc9d62620918aa53f52.jpg
image_281.jpg,screenshot_2025-05-29_13-23-14_png.rf.d1281a3ebd6bdd9e61efd1353965effd.jpg
image_282.jpg,screenshot_2025-05-29_13-23-54_png.rf.e12090f28ff9268db00381a6bf601ba0.jpg
image_283.jpg,screenshot_2025-05-29_13-24-36_png.rf.43d1ebaab418e7aa82b9238cbb320543.jpg
image_284.jpg,screenshot_2025-05-29_13-24-44_png.rf.4dede4b36138d4a42f4d1d5bae71e93a.jpg
image_285.jpg,screenshot_2025-05-29_13-27-30_png.rf.ec8246e64993e2e4d67881ba13f8e40f.jpg
image_286.jpg,screenshot_2025-05-29_13-29-28_png.rf.30c99c51e2d22ece39a3fd8ce4103ce8.jpg
image_287.jpg,screenshot_2025-05-29_13-31-01_png.rf.aa89bd0ffc00cbd671bd58947c77c93e.jpg
image_288.jpg,screenshot_2025-05-29_13-32-05_png.rf.a7084d582ecc06d67f6f51b8c79d890d.jpg
image_289.jpg,screenshot_2025-05-29_13-32-34_png.rf.306f093ea61b96de9bbdb5bf3ee03632.jpg
image_290.jpg,screenshot_2025-05-29_13-33-10_png.rf.416afd7556b300b78c76cbd51d4672cb.jpg
image_291.jpg,screenshot_2025-05-29_13-33-42_png.rf.395016847d9db0ea4f8c5cc09d527152.jpg
image_292.jpg,screenshot_2025-05-29_13-35-02_png.rf.1c881c9ed3f8a9144d0476b69d580644.jpg
image_293.jpg,screenshot_2025-05-29_13-39-21_png.rf.1a64be0a9fe02b30363f8226c724635e.jpg
image_294.jpg,screenshot_2025-05-29_13-40-27_png.rf.7cc9e4606bd296ff4c5de1596b933814.jpg
image_295.jpg,screenshot_2025-05-29_13-40-59_png.rf.50a81b2437a2cb441cb8054d28118195.jpg
image_296.jpg,screenshot_2025-05-29_13-41-39_png.rf.fda94dcb6535021ec865522370cfa3a4.jpg
image_297.jpg,screenshot_2025-05-29_13-42-43_png.rf.0e81dfaa0d56b977a464d6b3ea37bfa1.jpg
image_298.jpg,screenshot_2025-05-29_13-42-55_png.rf.559b1e640bb88416088eb2a509c649a4.jpg
image_299.jpg,screenshot_2025-05-29_13-43-16_png.rf.f1e3361a9e0c0acfabb64c325ba86d12.jpg
image_300.jpg,screenshot_2025-05-29_13-44-51_png.rf.c70a19678f70dc8d3a3641ebe3a27dce.jpg
image_301.jpg,screenshot_2025-05-29_13-45-47_png.rf.ebae5dc817a081c29625ebe332757d7f.jpg
image_302.jpg,screenshot_2025-05-29_13-47-39_png.rf.519807b9dbc82228fedabaf378c13a36.jpg
image_303.jpg,screenshot_2025-05-29_13-47-48_png.rf.c73d25c1a63f5186f4bf269d30e6a3e5.jpg
image_304.jpg,screenshot_2025-05-29_13-48-04_png.rf.cb9e3f7c64b1306bacdaa5b08baa88d3.jpg
image_305.jpg,screenshot_2025-05-29_13-51-13_png.rf.6f9b4f57f86c7784af1f6412b6bb8e1b.jpg
image_306.jpg,screenshot_2025-05-29_13-52-04_png.rf.f380201f6c022b5b05f006d37d4bb808.jpg
image_307.jpg,screenshot_2025-05-29_13-52-20_png.rf.78ad134d246dfa8903aefc8dae9b95bb.jpg
image_308.jpg,screenshot_2025-05-29_13-52-50_png.rf.755e2e768ac21160dae3b8223c4bdaeb.jpg
image_309.jpg,screenshot_2025-05-29_13-53-09_png.rf.d54fcee9cc05f24657747942ac7e9aae.jpg
image_310.jpg,screenshot_2025-05-29_13-53-28_png.rf.de4bbc1c17d85a366fbc9310c7b2309e.jpg
image_311.jpg,screenshot_2025-05-29_13-54-13_png.rf.da9695ab66c98919c320fb8ecf65beaa.jpg
image_312.jpg,screenshot_2025-05-29_13-54-21_png.rf.a496048660cbc5dd2143fed02cda8b32.jpg
image_313.jpg,screenshot_2025-06-04_10-00-48_png.rf.03c6d5cb97f22e94ca2812b6b2f06872.jpg
image_314.jpg,screenshot_2025-06-04_10-01-54_png.rf.1fc550c3d4a2e26db021d6d793504cdd.jpg
image_315.jpg,screenshot_2025-06-04_10-04-34_png.rf.aa697966687c7973ebba0a5bd18440b4.jpg
image_316.jpg,screenshot_2025-06-04_10-05-10_png.rf.b9d44623ad52d10d49a9ee0a55b2bb74.jpg
image_317.jpg,screenshot_2025-06-04_10-06-36_png.rf.403e5f45e89928ba2289f237b9b96078.jpg
image_318.jpg,screenshot_2025-06-04_10-08-20_png.rf.26ca44fb287c4c48bafa3555a5486c32.jpg
image_319.jpg,screenshot_2025-06-04_10-09-18_png.rf.e21502dbf21b9aeca851ea7ea10b2fb2.jpg
image_320.jpg,screenshot_2025-06-04_10-10-42_png.rf.1ee24ac7407774196688532f8d676771.jpg
image_321.jpg,screenshot_2025-06-04_10-11-55_png.rf.2ca3c5ca441f46dead11b601cb4a242c.jpg
image_322.jpg,screenshot_2025-06-04_10-13-49_png.rf.3e05e4a1e6d104f78f709549ff31c767.jpg
image_323.jpg,screenshot_2025-06-04_10-14-10_png.rf.fa196345d9fe7f53495895f6cf7ce388.jpg
image_324.jpg,screenshot_2025-06-04_10-14-49_png.rf.b49f2fbf8f39016064240f2eb0f6e51c.jpg
image_325.jpg,screenshot_2025-06-04_10-15-14_png.rf.1db41cea827e0c9bdbf7b1030f58cd3c.jpg
image_326.jpg,screenshot_2025-06-04_10-15-40_png.rf.f000def25366c9adb323c12afa26d371.jpg
image_327.jpg,screenshot_2025-06-04_10-16-08_png.rf.1cab91630a4f2435b4f1ff76ff22fcc4.jpg
image_328.jpg,screenshot_2025-06-04_10-19-01_png.rf.3f5db0256106ce362d2202778e0e2a48.jpg
image_329.jpg,screenshot_2025-06-04_10-39-14_png.rf.af1354e729aae0d4085cac41a76a1e14.jpg
image_330.jpg,screenshot_2025-06-04_10-41-32_png.rf.6c38c966aeab881c1a92f9c23b5addef.jpg
image_331.jpg,screenshot_2025-06-04_10-42-34_png.rf.f0722918c656ab4f19243403c9d3c485.jpg
image_332.jpg,screenshot_2025-06-04_10-42-59_png.rf.704f90f453d6e2cabebac9463dde3d8f.jpg
image_333.jpg,screenshot_2025-06-04_10-43-17_png.rf.b5b23a40331086ce453fb92a410a1374.jpg
image_334.jpg,screenshot_2025-06-04_10-44-05_png.rf.6c2af9f4b4a9443f4da3c291176c3cf8.jpg
image_335.jpg,screenshot_2025-06-04_10-44-09_png.rf.ca9e84cf1b7c19bbd422c83c54b7e7d3.jpg
image_336.jpg,screenshot_2025-06-04_10-45-13_png.rf.6440593e821c259291c765f42029bd1a.jpg
image_337.jpg,screenshot_2025-06-04_10-45-22_png.rf.abdd66ceff00b6cba27b6eff36df860a.jpg
image_338.jpg,screenshot_2025-06-04_10-45-42_png.rf.92c772b0380e5cd4a0b91e4d90a602ae.jpg
image_339.jpg,screenshot_2025-06-04_10-46-02_png.rf.5f079ddf240a6dc3c8347111cc6fd489.jpg
image_340.jpg,screenshot_2025-06-04_10-48-02_png.rf.c61735337fa1d76a404e6a457f32321f.jpg
image_341.jpg,screenshot_2025-06-04_10-48-06_png.rf.d427f6aef37cb202fb0cd1457e0dcf87.jpg
image_342.jpg,screenshot_2025-06-04_10-48-10_png.rf.15316053eddd9ed1fdf56e69a60d9dec.jpg
image_343.jpg,screenshot_2025-06-04_10-48-27_png.rf.449600edf3fd0d3f74d7962348f438e4.jpg
image_344.jpg,screenshot_2025-06-04_10-49-12_png.rf.2542900ac287581680ee1e202c8ee23d.jpg
image_345.jpg,screenshot_2025-06-04_10-49-16_png.rf.c8e27ffce27f3c360db096a82fb5da74.jpg
image_346.jpg,screenshot_2025-06-04_10-50-36_png.rf.340f4a34249d68afabcd25582d7bdd30.jpg
image_347.jpg,screenshot_2025-06-04_10-50-44_png.rf.69106c087f68b4ac331e315469fe9c49.jpg
image_348.jpg,screenshot_2025-06-04_10-55-46_png.rf.8a84b5c5d8891764efd963babd9898e7.jpg
image_349.jpg,screenshot_2025-06-04_10-58-35_png.rf.5d3290bb3b245cbe50ebdd1edd351363.jpg
image_350.jpg,screenshot_2025-06-04_10-59-16_png.rf.7bc2cb3d34fddd34a9a821d505de4033.jpg
image_351.jpg,screenshot_2025-06-04_10-59-41_png.rf.0e6298b9db12ed24a4f92a2121e32d97.jpg
image_352.jpg,screenshot_2025-06-04_11-01-05_png.rf.05d20b919e47be43dc855877b1d2a049.jpg
image_353.jpg,screenshot_2025-06-04_11-02-29_png.rf.aebe664cda94ed89443d7692eb7f1a5e.jpg
image_354.jpg,screenshot_2025-06-04_11-06-38_png.rf.c644cbad4279bebe1d96e599c480c768.jpg
image_355.jpg,screenshot_2025-06-04_11-07-05_png.rf.8d05589dce7cf1c90c0d2db4341c6ae3.jpg
image_356.jpg,screenshot_2025-06-04_11-33-10_png.rf.170b407aad09292580c7e561bdc657c6.jpg
image_357.jpg,screenshot_2025-06-04_11-33-22_png.rf.c2cacc22338af4d033217d2e0af351d5.jpg
image_358.jpg,screenshot_2025-06-04_11-34-31_png.rf.9bba62c62d2f8badd3b55a648e831a07.jpg
image_359.jpg,screenshot_2025-06-04_11-34-43_png.rf.a7d19784e877a55dd8239eec1d0d2f92.jpg
image_360.jpg,screenshot_2025-06-04_11-36-43_png.rf.ee6a7385ab13c67e37213259a3df18c7.jpg
image_361.jpg,screenshot_2025-06-04_11-38-07_png.rf.cd493457175c330ebe1b15112873a52a.jpg
image_362.jpg,screenshot_2025-06-04_11-38-15_png.rf.70e825c0985bed351804120a8b1630d2.jpg
image_363.jpg,screenshot_2025-06-04_11-38-34_png.rf.4e5b6fc007e09948a8080fb49930219d.jpg
image_364.jpg,screenshot_2025-06-04_11-39-09_png.rf.a11ae2cf3908984655e54e4a2b528d79.jpg
image_365.jpg,screenshot_2025-06-04_11-42-50_png.rf.d0a746e93d9278d9e91b26e0746c235c.jpg
image_366.jpg,screenshot_2025-06-04_11-43-29_png.rf.3ee2708baaac43bac542712947f6350f.jpg
image_367.jpg,screenshot_2025-06-04_11-46-06_png.rf.3b56358d9400abcac327cf7ae61b6a07.jpg
image_368.jpg,screenshot_2025-06-04_11-46-38_png.rf.a29c744f3c4614ed6736b8a94aac102d.jpg
image_369.jpg,screenshot_2025-06-04_11-48-35_png.rf.57b50c9db976bba5da00b53f05f86643.jpg
image_370.jpg,screenshot_2025-06-04_11-49-15_png.rf.601f14a1f302ba823b52113b775ad330.jpg
image_371.jpg,screenshot_2025-06-04_11-52-51_png.rf.aa1a8a3e0ec9a54d70d1052049abb296.jpg
image_372.jpg,screenshot_2025-06-04_11-53-49_png.rf.3db962f97dd9d714e81284314519f459.jpg
image_373.jpg,screenshot_2025-06-04_11-54-59_png.rf.7436e9523154f87b7fce41d390a31d4e.jpg
image_374.jpg,screenshot_2025-06-04_11-55-53_png.rf.4e7199a431639c947f9efe390413d334.jpg
image_375.jpg,screenshot_2025-06-04_11-56-22_png.rf.1c8e7c42778118d6553c78f07c30c00e.jpg
image_376.jpg,screenshot_2025-06-04_11-58-04_png.rf.7c6a658d3385bee976faaa4c85de6a37.jpg
image_377.jpg,screenshot_2025-06-04_11-58-12_png.rf.eade7f6e9bb49ac5c53aec310b4125d7.jpg
image_378.jpg,screenshot_2025-06-04_11-58-45_png.rf.9bb5cc23520acd0361c0dc530f6f4a19.jpg
image_379.jpg,screenshot_2025-06-04_11-59-13_png.rf.22f4498c4b63ed8c9bb59bfac2d95cff.jpg
image_380.jpg,screenshot_2025-06-04_11-59-53_png.rf.7cfec18c60c55efee3daf1ea2db2911f.jpg
image_381.jpg,screenshot_2025-06-04_12-00-13_png.rf.78321b673c650e2162807ac5edd272ce.jpg
image_382.jpg,screenshot_2025-06-04_12-04-27_png.rf.9821fa298f93d187be7aa5358aaa1ccb.jpg
image_383.jpg,screenshot_2025-06-04_12-04-51_png.rf.8a7f94f49e265e17674d35f2ca0cd6dc.jpg
image_384.jpg,screenshot_2025-06-04_12-05-40_png.rf.64937567bd362a7f0a11d12275a6d3ea.jpg
image_385.jpg,screenshot_2025-06-04_12-06-22_png.rf.5af8dadf941297b8c9b1228030c76ea6.jpg
image_386.jpg,screenshot_2025-06-04_12-06-30_png.rf.759032938d84bf5d252064b7b0e81907.jpg
image_387.jpg,screenshot_2025-06-04_12-06-34_png.rf.5e64032a8ee32a0dfa4f9c8b32dcf996.jpg
image_388.jpg,screenshot_2025-06-04_12-06-38_png.rf.3db2de1c3f894fe8e6edb1c670957f76.jpg
image_389.jpg,screenshot_2025-06-04_12-06-58_png.rf.c139ad8a59920df015d25740079bf0f5.jpg
image_390.jpg,screenshot_2025-06-04_12-10-01_png.rf.188eff18620292b8e5e9e6925706388c.jpg
image_391.jpg,screenshot_2025-06-04_12-10-09_png.rf.39d14edef3f83112c6c0751693778e9b.jpg
image_392.jpg,screenshot_2025-06-04_12-10-39_png.rf.785ba38e1b82bcae28fd34084a8ef14f.jpg
image_393.jpg,screenshot_2025-06-04_12-13-05_png.rf.03d98e6560dea032792ffb8e64248d3d.jpg
image_394.jpg,screenshot_2025-06-04_12-17-14_png.rf.1e1086ff49d585c3910d7c1e6ddd59b4.jpg
image_395.jpg,screenshot_2025-06-04_12-17-39_png.rf.ad7f5e3307a98f68b68bddd5dc5e7000.jpg
image_396.jpg,screenshot_2025-06-04_12-18-16_png.rf.879ace8f0901d6856f8de9432a0a1387.jpg
image_397.jpg,screenshot_2025-06-04_12-20-00_png.rf.5390fa2c35b92047f42de5643023747b.jpg
image_398.jpg,screenshot_2025-06-04_12-21-00_png.rf.b07bfdaafab1089bb9bdf15a3b0c82fd.jpg
image_399.jpg,screenshot_2025-06-04_12-21-51_png.rf.48a8c412b3cf11748489483ac35c5904.jpg
image_400.jpg,screenshot_2025-06-04_12-23-02_png.rf.aff48d1aa5a49e6aaad55a1a531d2e71.jpg
image_401.jpg,screenshot_2025-06-04_12-23-14_png.rf.64760c59f0baae72eb511e59a06736f4.jpg
image_402.jpg,screenshot_2025-06-04_12-23-31_png.rf.da77e8ccd4c4ad35458ee019244e9d25.jpg
image_403.jpg,screenshot_2025-06-04_12-23-39_png.rf.4f9bdd125d484e0361c82ac3038ff98d.jpg
image_404.jpg,screenshot_2025-06-04_12-23-58_png.rf.5b301ab6276588fc79fb21bd8c58f9ee.jpg
image_405.jpg,screenshot_2025-06-04_12-24-16_png.rf.32b69cc3e05db523d4d270c9aa52686b.jpg
image_406.jpg,screenshot_2025-06-04_12-24-59_png.rf.f83b14bdbcba9e511f24fe9a1dd0187a.jpg
image_407.jpg,screenshot_2025-06-04_12-25-51_png.rf.0786b8e74cefc89f2484ef8a474e8bb3.jpg
image_408.jpg,screenshot_2025-06-04_12-26-27_png.rf.61c51825fb9197b87463c7ee3c79646a.jpg
image_409.jpg,screenshot_2025-06-04_12-26-40_png.rf.ffc843a638b30d753ac1c66b06f57e1b.jpg
image_410.jpg,screenshot_2025-06-04_12-28-04_png.rf.2ea31c24e22e4ccc283859d0b1d820d4.jpg
image_411.jpg,screenshot_2025-06-04_12-29-51_png.rf.aaa4c8771f9f578d8ab5f7408ab5a130.jpg
image_412.jpg,screenshot_2025-06-10_13-33-52_png.rf.80b41045070fc015a3ca0cfca54e5063.jpg
image_413.jpg,screenshot_2025-06-10_13-36-20_png.rf.d09ceed0025df2c9b89161d0edb91c8e.jpg
image_414.jpg,screenshot_2025-06-10_13-37-59_png.rf.02a2dc8e6e3b6084cb21e0522839e21e.jpg
image_415.jpg,screenshot_2025-06-10_13-39-37_png.rf.e4418b8c10eb5d738f9188658f825acc.jpg
image_416.jpg,screenshot_2025-06-10_13-39-52_png.rf.fe6e18d11e372dbe20ecc35c373c88d5.jpg
image_417.jpg,screenshot_2025-06-10_13-39-56_png.rf.13e7f4f2e366d9385e302791bdc4bfec.jpg
image_418.jpg,screenshot_2025-06-10_13-41-59_png.rf.786cd29e67ba2fd937f298e59b2e8d62.jpg
image_419.jpg,screenshot_2025-06-10_13-43-42_png.rf.0e7948d372cd12128eb9bd6478a7362f.jpg
image_420.jpg,screenshot_2025-06-10_13-44-39_png.rf.f701987d3bee18326a01b46e61c392eb.jpg
image_421.jpg,screenshot_2025-06-10_13-45-27_png.rf.b4ebdd2a1fccab94a1d94615d9e6877e.jpg
image_422.jpg,screenshot_2025-06-10_13-45-38_png.rf.9bf9dff1334e8e1087e20ff051566e75.jpg
image_423.jpg,screenshot_2025-06-10_13-45-56_png.rf.40d0e295f716ffd4305c1b0b25da16a2.jpg
image_424.jpg,screenshot_2025-06-10_13-46-11_png.rf.8ce3f12b46dcdc86ae747653c55a3e67.jpg
image_425.jpg,screenshot_2025-06-10_13-47-10_png.rf.7705083bb7e9340bc723443fe1b91fd6.jpg
image_426.jpg,screenshot_2025-06-10_13-48-07_png.rf.b321bca99f028c1dd4272a614d773126.jpg
image_427.jpg,screenshot_2025-06-10_13-51-17_png.rf.8e4adbcfab8c21286a5a4b4ee0f29b00.jpg
image_428.jpg,screenshot_2025-06-10_13-54-16_png.rf.40731be809ec62f52fe9996539cc767a.jpg
image_429.jpg,screenshot_2025-06-10_13-54-36_png.rf.b0e8f756774e21a9cb3ded3acd426adb.jpg
image_430.jpg,screenshot_2025-06-10_13-56-06_png.rf.7574b4bc2d41ddce0254adee0cc11952.jpg
image_431.jpg,screenshot_2025-06-10_13-57-29_png.rf.f09f95046db119d028fabc88beb2179b.jpg
image_432.jpg,screenshot_2025-06-10_13-57-40_png.rf.bc9aac6fd2c0fb7c80f526b8c375e653.jpg
image_433.jpg,screenshot_2025-06-10_13-57-44_png.rf.2384cecb4e716256d2d864d09eb35db0.jpg
image_434.jpg,screenshot_2025-06-10_13-59-10_png.rf.98157673774cff4a5cd69bd5610604bb.jpg
image_435.jpg,screenshot_2025-06-10_14-00-03_png.rf.112cacd8d17e5c3825abd1fcd7e0742f.jpg
image_436.jpg,screenshot_2025-06-10_14-04-06_png.rf.2f05dadeaec012f59acb02474ed0b747.jpg
image_437.jpg,screenshot_2025-06-10_14-04-47_png.rf.6fdafb3e1da8da0585c0f1fddc48492c.jpg
image_438.jpg,screenshot_2025-06-10_14-04-59_png.rf.0e081bc04afd7847ab3d262dec1f57b9.jpg
image_439.jpg,screenshot_2025-06-10_14-08-34_png.rf.5103fb04f22873c217841b760f9bf485.jpg
image_440.jpg,screenshot_2025-06-10_14-08-53_png.rf.ee86411ac2ab66f8a861f0e84c228a05.jpg
image_441.jpg,screenshot_2025-06-10_14-09-54_png.rf.0ffb6053c278beed8024139e28307210.jpg
image_442.jpg,screenshot_2025-06-10_14-10-48_png.rf.ea197b4892a1f38f33b337181a418dc1.jpg
image_443.jpg,screenshot_2025-06-10_14-11-22_png.rf.953f01a0763dce30356dab4516406dcd.jpg
image_444.jpg,screenshot_2025-06-10_14-11-43_png.rf.a2a8c8d8c1046bf1f44dfdfab30ba3f6.jpg
image_445.jpg,screenshot_2025-06-10_14-12-34_png.rf.feb0c3786d9250a0c3cf7001c871d170.jpg
image_446.jpg,screenshot_2025-06-10_14-13-30_png.rf.9323709a7c838a5a6f1db2adec550146.jpg
image_447.jpg,screenshot_2025-06-10_14-14-10_png.rf.5f4ab1a3c780bb1eadb7133c3f7dfc81.jpg
image_448.jpg,screenshot_2025-06-10_14-14-35_png.rf.336ab8e957b08c3cbaceb056e5ec6585.jpg
image_449.jpg,screenshot_2025-06-10_14-15-18_png.rf.16fbe9bcb6b15c9317344801f3280a6a.jpg
image_450.jpg,screenshot_2025-06-10_14-17-15_png.rf.c6848b83f36fb0c5c39ce4fde30dc19a.jpg
image_451.jpg,screenshot_2025-06-10_14-17-19_png.rf.f44983f0850fc8582845336e719d75b6.jpg
image_452.jpg,screenshot_2025-06-10_14-18-10_png.rf.8de080d90285606fd37c07b59d50e0cb.jpg
image_453.jpg,screenshot_2025-06-10_14-18-44_png.rf.e2327206928b74333dac9d4e30537228.jpg
image_454.jpg,screenshot_2025-06-10_14-18-48_png.rf.5879e2c65281d703b29934c896ef9550.jpg
image_455.jpg,screenshot_2025-06-10_14-18-56_png.rf.c35c4d31ae9ae2c6859cbfc2f0856173.jpg
image_456.jpg,screenshot_2025-06-10_14-21-06_png.rf.d4cd2ff95f4790a89818c1a1e0127662.jpg
image_457.jpg,screenshot_2025-06-10_14-21-45_png.rf.19bbd35db84584a8f34e4b4f2d0afcbb.jpg
image_458.jpg,screenshot_2025-06-10_14-23-16_png.rf.240e44b90fc6981bf7d099eb38111a1e.jpg
image_459.jpg,screenshot_2025-06-10_14-24-09_png.rf.2cc46d30f23bdd0769f3bc269bf5b878.jpg
image_460.jpg,screenshot_2025-06-10_14-24-39_png.rf.20d93a0004d2d68147bc32472c4af714.jpg
image_461.jpg,screenshot_2025-06-10_14-24-58_png.rf.5aceb9906e7fae0b10df0712a27613b3.jpg
image_462.jpg,screenshot_2025-06-10_14-25-06_png.rf.0457459acc334141540803b47f331151.jpg
image_463.jpg,screenshot_2025-06-10_14-25-28_png.rf.a688f173b1232bb87b8d91a4e1719d66.jpg
image_464.jpg,screenshot_2025-06-10_14-27-57_png.rf.404a3084372c498cd55dc110cd0d5610.jpg
image_465.jpg,screenshot_2025-06-10_14-28-08_png.rf.58eec2900d2725c1e108972517e75e99.jpg
image_466.jpg,screenshot_2025-06-10_14-29-17_png.rf.91ff8e36ad62ed3b03d6eeb5c4a85495.jpg
image_467.jpg,screenshot_2025-06-10_14-31-00_png.rf.bbd22acf73da3480e2f6d4dfeec9f75a.jpg
image_468.jpg,screenshot_2025-06-10_14-31-25_png.rf.e7ccd8421674a8c7419799cbd7411259.jpg
image_469.jpg,screenshot_2025-06-10_14-33-36_png.rf.7b577635d906f1b651bdf4debda7f03d.jpg
image_470.jpg,screenshot_2025-06-10_14-35-11_png.rf.98e3df79ce84ea0afbc71044a67dc31e.jpg
image_471.jpg,screenshot_2025-06-10_14-36-13_png.rf.c06b2e6abf2dd85c68d0bd7522fd8b96.jpg
image_472.jpg,screenshot_2025-06-10_14-36-39_png.rf.c5b22ec823d98a2750458b451fbb5694.jpg
image_473.jpg,screenshot_2025-06-10_14-37-12_png.rf.eec3a51af856296915328c7b0fbb52ed.jpg
image_474.jpg,screenshot_2025-06-10_14-38-01_png.rf.475fdc18087367c4b4a97c01068302e8.jpg
image_475.jpg,screenshot_2025-06-10_14-38-08_png.rf.f929df8ec7e47b370d55888163cee6ac.jpg
image_476.jpg,screenshot_2025-06-10_14-38-15_png.rf.efc3ebbd53d3c08074ad309569060082.jpg
image_477.jpg,screenshot_2025-06-12_14-05-20_png.rf.faf6d630c07a16d0a7efd8cbe8cf0be5.jpg
image_478.jpg,screenshot_2025-06-12_14-05-28_png.rf.c377111113b5b892f6e60a44a2d306f5.jpg
image_479.jpg,screenshot_2025-06-12_14-06-31_png.rf.07ce13bff2194195d36b45a9b53d5663.jpg
image_480.jpg,screenshot_2025-06-12_14-08-50_png.rf.a0a3ff96cd816e93f4b8280e273822f4.jpg
image_481.jpg,screenshot_2025-06-12_14-09-57_png.rf.ee337cf6c51092d999d0ffeab5558e72.jpg
image_482.jpg,screenshot_2025-06-12_14-10-11_png.rf.565a33067e8d3394a2cf619c3c3f4af8.jpg
image_483.jpg,screenshot_2025-06-12_14-11-47_png.rf.9ef30456ef04217db3882dc48cfa204d.jpg
image_484.jpg,screenshot_2025-06-12_14-13-10_png.rf.1a1ffbf48e485b4f1827349940e33dbe.jpg
image_485.jpg,screenshot_2025-06-12_14-14-32_png.rf.6caeaa752c2bbcfd693850638d6f7bf5.jpg
image_486.jpg,screenshot_2025-06-12_14-14-59_png.rf.5b7476ddbcb79adfa3e9121e41fa267a.jpg
image_487.jpg,screenshot_2025-06-12_14-19-01_png.rf.23de6ee78a7303f6928f8d7ee182ea13.jpg
image_488.jpg,screenshot_2025-06-12_14-22-59_png.rf.14cf2ed5ad07bd7809e53fec2a685b53.jpg
image_489.jpg,screenshot_2025-06-12_14-28-54_png.rf.cf653426c6681d7523baf2bd054225a0.jpg
image_490.jpg,screenshot_2025-06-12_14-32-02_png.rf.27c7f920f75899c76dc0c058048b236e.jpg
image_491.jpg,screenshot_2025-06-12_14-32-42_png.rf.9b591776427922faf4ef5868c81df6c8.jpg
image_492.jpg,screenshot_2025-06-12_14-32-50_png.rf.7c77b5a84ebaf381e880f786330cf089.jpg
image_493.jpg,screenshot_2025-06-12_14-39-33_png.rf.f880f6c27c36eb2d077706185553a20d.jpg
image_494.jpg,screenshot_2025-06-12_14-39-55_png.rf.1212c2149bb123008b2335dad854d85c.jpg
image_495.jpg,screenshot_2025-06-12_14-40-24_png.rf.e68872ba01730229e30d20f92b02587f.jpg
image_496.jpg,screenshot_2025-06-12_14-40-52_png.rf.3b737410e01b7fabc1724f746e3c3922.jpg
image_497.jpg,screenshot_2025-06-12_14-41-29_png.rf.a8bbce0c8f274540d22a9469aa1fd6c2.jpg
image_498.jpg,screenshot_2025-06-12_14-47-24_png.rf.d0c25045f89e14af77b4d3f9485379aa.jpg
image_499.jpg,screenshot_2025-06-12_14-56-10_png.rf.6551a475c82e41bcfda682f7f5382ff2.jpg
image_500.jpg,screenshot_2025-06-12_14-56-56_png.rf.42448cd3e1394ac1650caf06e798818a.jpg
